sample,sampleLong,community,type,sampling_year,sampling,units,sample_name,aluminum,aluminumRaw,aluminumIdentifier,arsenic,arsenicRaw,arsenicIdentifier,barium,bariumRaw,bariumIdentifier,berylliumRaw,beryllium,berylliumIdentifier,cadmiumRaw,cadmium,cadmiumIdentifier,chromiumRaw,chromium,chromiumIdentifier,manganeseRaw,manganese,manganeseIdentifier,nickelRaw,nickel,nickelIdentifier,leadRaw,lead,leadIdentifier,zincRaw,zinc,zincIdentifier,copperRaw,copper,copperIdentifier,geoid,geoid_type
C45,C-K-45,Cochise,Water,2015-2016,,&mu;g/L,,2.84,2.84,Post-Transition Metal,2.3,2.3,Metalloid,246.28,246.28,Alkaline Earth Metal,0.02,0.02,Alkaline Earth Metal,0.35,0.35,Transitional Metal,0.08,0.08,Transitional Metal,0.63,0.63,Transitional Metal,1.75,1.75,Transitional Metal,0.12,0.12,Post-Transition Metal,98.03,98.03,Transitional Metal,24.16,24.16,Transitional Metal,040030011002,block_group
C48,C-K-48,Cochise,Water,2015-2016,,&mu;g/L,,0.62,0.62,Post-Transition Metal,3.22,3.22,Metalloid,49.46,49.46,Alkaline Earth Metal,0.04,0.04,Alkaline Earth Metal,0,0,Transitional Metal,0.72,0.72,Transitional Metal,0.38,0.38,Transitional Metal,1.5,1.5,Transitional Metal,0.03,0.03,Post-Transition Metal,4.24,4.24,Transitional Metal,0.43,0.43,Transitional Metal,040030002011,block_group
C38,C-K-38,Cochise,Water,2015-2016,,&mu;g/L,,0.72,0.72,Post-Transition Metal,2.87,2.87,Metalloid,286.86,286.86,Alkaline Earth Metal,0.02,0.02,Alkaline Earth Metal,0,0,Transitional Metal,0.1,0.1,Transitional Metal,2.54,2.54,Transitional Metal,2.4,2.4,Transitional Metal,0.07,0.07,Post-Transition Metal,89.67,89.67,Transitional Metal,3.22,3.22,Transitional Metal,040030010001,block_group
C36,C-K-36,Cochise,Water,2015-2016,,&mu;g/L,,0.84,0.84,Post-Transition Metal,3.38,3.38,Metalloid,352.52,352.52,Alkaline Earth Metal,0.02,0.02,Alkaline Earth Metal,0,0,Transitional Metal,0.11,0.11,Transitional Metal,0.22,0.22,Transitional Metal,2.45,2.45,Transitional Metal,0.03,0.03,Post-Transition Metal,7.24,7.24,Transitional Metal,6.46,6.46,Transitional Metal,040030011003,block_group
C31,C-K-31,Cochise,Water,2015-2016,,&mu;g/L,,0.6,0.6,Post-Transition Metal,3.21,3.21,Metalloid,349.19,349.19,Alkaline Earth Metal,0.02,0.02,Alkaline Earth Metal,0.02,0.02,Transitional Metal,0.11,0.11,Transitional Metal,0.09,0.09,Transitional Metal,2.4,2.4,Transitional Metal,0.03,0.03,Post-Transition Metal,18.23,18.23,Transitional Metal,10.75,10.75,Transitional Metal,040030010001,block_group
C56,C-K-56,Cochise,Water,2015-2016,,&mu;g/L,,0.24,0.24,Post-Transition Metal,3.96,3.96,Metalloid,21.56,21.56,Alkaline Earth Metal,0.03,0.03,Alkaline Earth Metal,0,0,Transitional Metal,8.79,8.79,Transitional Metal,0.92,0.92,Transitional Metal,2.86,2.86,Transitional Metal,0.02,0.02,Post-Transition Metal,4.49,4.49,Transitional Metal,1.25,1.25,Transitional Metal,040030002024,block_group
C32,C-K-32,Cochise,Water,2015-2016,,&mu;g/L,,4.87,4.87,Post-Transition Metal,2.52,2.52,Metalloid,241.59,241.59,Alkaline Earth Metal,0.02,0.02,Alkaline Earth Metal,0.08,0.08,Transitional Metal,0.13,0.13,Transitional Metal,18.84,18.84,Transitional Metal,1.87,1.87,Transitional Metal,0.23,0.23,Post-Transition Metal,50.07,50.07,Transitional Metal,7.12,7.12,Transitional Metal,040030011002,block_group
C21,C-K-21,Cochise,Water,2015-2016,,&mu;g/L,,0.77,0.77,Post-Transition Metal,3.29,3.29,Metalloid,340.52,340.52,Alkaline Earth Metal,0.03,0.03,Alkaline Earth Metal,0,0,Transitional Metal,0.14,0.14,Transitional Metal,0.04,0.04,Transitional Metal,2.36,2.36,Transitional Metal,0.06,0.06,Post-Transition Metal,20.43,20.43,Transitional Metal,1.26,1.26,Transitional Metal,040030011003,block_group
C16,C-K-16,Cochise,Water,2015-2016,,&mu;g/L,,0.63,0.63,Post-Transition Metal,0.27,0.27,Metalloid,18.46,18.46,Alkaline Earth Metal,0.03,0.03,Alkaline Earth Metal,0.01,0.01,Transitional Metal,0.04,0.04,Transitional Metal,0.16,0.16,Transitional Metal,2.06,2.06,Transitional Metal,0.1,0.1,Post-Transition Metal,188.93,188.93,Transitional Metal,158.83,158.83,Transitional Metal,040030021003,block_group
C11,C-K-11,Cochise,Water,2015-2016,,&mu;g/L,,0.74,0.74,Post-Transition Metal,10.16,10.16,Metalloid,3.88,3.88,Alkaline Earth Metal,0.03,0.03,Alkaline Earth Metal,0.01,0.01,Transitional Metal,3.55,3.55,Transitional Metal,0.01,0.01,Transitional Metal,0.55,0.55,Transitional Metal,0.06,0.06,Post-Transition Metal,3.28,3.28,Transitional Metal,0.44,0.44,Transitional Metal,040030002011,block_group
C15,C-K-15,Cochise,Water,2015-2016,,&mu;g/L,,0.57,0.57,Post-Transition Metal,0.34,0.34,Metalloid,39.39,39.39,Alkaline Earth Metal,0.03,0.03,Alkaline Earth Metal,0,0,Transitional Metal,0.23,0.23,Transitional Metal,0.03,0.03,Transitional Metal,1.75,1.75,Transitional Metal,0.28,0.28,Post-Transition Metal,48.2,48.2,Transitional Metal,23.07,23.07,Transitional Metal,040030019003,block_group
C08,C-K-8,Cochise,Water,2015-2016,,&mu;g/L,,0.45,0.45,Post-Transition Metal,4.92,4.92,Metalloid,28.59,28.59,Alkaline Earth Metal,0.03,0.03,Alkaline Earth Metal,0,0,Transitional Metal,0.13,0.13,Transitional Metal,0.01,0.01,Transitional Metal,1.63,1.63,Transitional Metal,0.01,0.01,Post-Transition Metal,7.09,7.09,Transitional Metal,7.69,7.69,Transitional Metal,040030021003,block_group
C03,C-K-3,Cochise,Water,2015-2016,,&mu;g/L,,0.58,0.58,Post-Transition Metal,0.82,0.82,Metalloid,115.86,115.86,Alkaline Earth Metal,0.04,0.04,Alkaline Earth Metal,0,0,Transitional Metal,0.37,0.37,Transitional Metal,0.02,0.02,Transitional Metal,0.99,0.99,Transitional Metal,0.01,0.01,Post-Transition Metal,0.23,0.23,Transitional Metal,0.21,0.21,Transitional Metal,040030015021,block_group
C43,C-K-43,Cochise,Water,2015-2016,,&mu;g/L,,0.36,0.36,Post-Transition Metal,0.57,0.57,Metalloid,31.52,31.52,Alkaline Earth Metal,0.03,0.03,Alkaline Earth Metal,0,0,Transitional Metal,0.16,0.16,Transitional Metal,0.02,0.02,Transitional Metal,1.56,1.56,Transitional Metal,0.19,0.19,Post-Transition Metal,18.26,18.26,Transitional Metal,8.16,8.16,Transitional Metal,040030011002,block_group
C33,C-K-33,Cochise,Water,2015-2016,,&mu;g/L,,0.24,0.24,Post-Transition Metal,2.61,2.61,Metalloid,145.52,145.52,Alkaline Earth Metal,0.03,0.03,Alkaline Earth Metal,0.01,0.01,Transitional Metal,0.08,0.08,Transitional Metal,0.04,0.04,Transitional Metal,1.46,1.46,Transitional Metal,0.02,0.02,Post-Transition Metal,18.48,18.48,Transitional Metal,0.27,0.27,Transitional Metal,040030011002,block_group
C55,C-K-55,Cochise,Water,2015-2016,,&mu;g/L,,0.81,0.81,Post-Transition Metal,10.46,10.46,Metalloid,4.05,4.05,Alkaline Earth Metal,0.02,0.02,Alkaline Earth Metal,0.01,0.01,Transitional Metal,3.44,3.44,Transitional Metal,0.01,0.01,Transitional Metal,0.55,0.55,Transitional Metal,0.02,0.02,Post-Transition Metal,1.89,1.89,Transitional Metal,1.45,1.45,Transitional Metal,040030002024,block_group
C53,C-K-53,Cochise,Water,2015-2016,,&mu;g/L,,0.28,0.28,Post-Transition Metal,2.63,2.63,Metalloid,92.39,92.39,Alkaline Earth Metal,0.01,0.01,Alkaline Earth Metal,0.02,0.02,Transitional Metal,0.38,0.38,Transitional Metal,15.67,15.67,Transitional Metal,1.6,1.6,Transitional Metal,0.12,0.12,Post-Transition Metal,1045.9,1045.9,Transitional Metal,1.58,1.58,Transitional Metal,040030003031,block_group
C40,C-K-40,Cochise,Water,2015-2016,,&mu;g/L,,0.4,0.4,Post-Transition Metal,3.18,3.18,Metalloid,348.86,348.86,Alkaline Earth Metal,0.02,0.02,Alkaline Earth Metal,0.03,0.03,Transitional Metal,0.13,0.13,Transitional Metal,0.13,0.13,Transitional Metal,2.38,2.38,Transitional Metal,0.08,0.08,Post-Transition Metal,24.2,24.2,Transitional Metal,7.15,7.15,Transitional Metal,040030011002,block_group
C50,C-K-50,Cochise,Water,2015-2016,,&mu;g/L,,0.12,0.12,Post-Transition Metal,1.86,1.86,Metalloid,80.76,80.76,Alkaline Earth Metal,0.02,0.02,Alkaline Earth Metal,0.02,0.02,Transitional Metal,0.67,0.67,Transitional Metal,1.47,1.47,Transitional Metal,2.05,2.05,Transitional Metal,0.03,0.03,Post-Transition Metal,291,291,Transitional Metal,0.23,0.23,Transitional Metal,040030002032,block_group
C57,C-K-57,Cochise,Water,2015-2016,,&mu;g/L,,0.14,0.14,Post-Transition Metal,3.92,3.92,Metalloid,20.69,20.69,Alkaline Earth Metal,0.01,0.01,Alkaline Earth Metal,0,0,Transitional Metal,9.34,9.34,Transitional Metal,0.72,0.72,Transitional Metal,2.74,2.74,Transitional Metal,0.02,0.02,Post-Transition Metal,12.13,12.13,Transitional Metal,1.14,1.14,Transitional Metal,040030002024,block_group
C12,C-K-12,Cochise,Water,2015-2016,,&mu;g/L,,0.29,0.29,Post-Transition Metal,0.55,0.55,Metalloid,30.22,30.22,Alkaline Earth Metal,0.01,0.01,Alkaline Earth Metal,0.01,0.01,Transitional Metal,0.23,0.23,Transitional Metal,0.08,0.08,Transitional Metal,1.36,1.36,Transitional Metal,0.04,0.04,Post-Transition Metal,17.46,17.46,Transitional Metal,0.89,0.89,Transitional Metal,040030021003,block_group
C10,C-K-10,Cochise,Water,2015-2016,,&mu;g/L,,0.25,0.25,Post-Transition Metal,0.51,0.51,Metalloid,29.12,29.12,Alkaline Earth Metal,0.02,0.02,Alkaline Earth Metal,0,0,Transitional Metal,0.22,0.22,Transitional Metal,0.01,0.01,Transitional Metal,1.24,1.24,Transitional Metal,0.02,0.02,Post-Transition Metal,2.11,2.11,Transitional Metal,0.26,0.26,Transitional Metal,040030021003,block_group
C51,C-K-51,Cochise,Water,2015-2016,,&mu;g/L,,18.53,18.53,Post-Transition Metal,0.07,0.07,Metalloid,3.67,3.67,Alkaline Earth Metal,0.05,0.05,Alkaline Earth Metal,0.07,0.07,Transitional Metal,0.21,0.21,Transitional Metal,0.41,0.41,Transitional Metal,0.51,0.51,Transitional Metal,0.32,0.32,Post-Transition Metal,1180,1180,Transitional Metal,3.53,3.53,Transitional Metal,040030010001,block_group
C22,C-K-22,Cochise,Water,2015-2016,,&mu;g/L,,1.8,1.8,Post-Transition Metal,0.54,0.54,Metalloid,,,Alkaline Earth Metal,,,Alkaline Earth Metal,0.01,0.01,Transitional Metal,0.47,0.47,Transitional Metal,,,Transitional Metal,,,Transitional Metal,0.37,0.37,Post-Transition Metal,19.31,19.31,Transitional Metal,,,Transitional Metal,040030021002,block_group
C18,C-K-18,Cochise,Water,2015-2016,,&mu;g/L,,0.28,0.28,Post-Transition Metal,0.64,0.64,Metalloid,,,Alkaline Earth Metal,,,Alkaline Earth Metal,0,0,Transitional Metal,0.27,0.27,Transitional Metal,,,Transitional Metal,,,Transitional Metal,0.04,0.04,Post-Transition Metal,2.56,2.56,Transitional Metal,,,Transitional Metal,040030017021,block_group
C13,C-K-13,Cochise,Water,2015-2016,,&mu;g/L,,0.75,0.75,Post-Transition Metal,5.61,5.61,Metalloid,,,Alkaline Earth Metal,,,Alkaline Earth Metal,0,0,Transitional Metal,0.72,0.72,Transitional Metal,,,Transitional Metal,,,Transitional Metal,0.57,0.57,Post-Transition Metal,46.31,46.31,Transitional Metal,,,Transitional Metal,040030012001,block_group
C23,C-K-23,Cochise,Water,2015-2016,,&mu;g/L,,0.43,0.43,Post-Transition Metal,5.64,5.64,Metalloid,,,Alkaline Earth Metal,,,Alkaline Earth Metal,0,0,Transitional Metal,0.71,0.71,Transitional Metal,,,Transitional Metal,,,Transitional Metal,0.2,0.2,Post-Transition Metal,95.65,95.65,Transitional Metal,,,Transitional Metal,040030012001,block_group
C36,C-K-36,Cochise,Water,2015-2016,,&mu;g/L,,0.84,0.84,Post-Transition Metal,3.38,3.38,Metalloid,352.52,352.52,Alkaline Earth Metal,0.02,0.02,Alkaline Earth Metal,0,0,Transitional Metal,0.11,0.11,Transitional Metal,0.22,0.22,Transitional Metal,2.45,2.45,Transitional Metal,0.03,0.03,Post-Transition Metal,7.24,7.24,Transitional Metal,6.46,6.46,Transitional Metal,040030011003,block_group
C47,C-K-47,Cochise,Water,2015-2016,,&mu;g/L,,31.3,31.3,Post-Transition Metal,38.99,38.99,Metalloid,,,Alkaline Earth Metal,,,Alkaline Earth Metal,0,0,Transitional Metal,5.05,5.05,Transitional Metal,,,Transitional Metal,,,Transitional Metal,0.02,0.02,Post-Transition Metal,2.29,2.29,Transitional Metal,,,Transitional Metal,040030002011,block_group
C56,C-K-56,Cochise,Water,2015-2016,,&mu;g/L,,0.24,0.24,Post-Transition Metal,3.96,3.96,Metalloid,21.56,21.56,Alkaline Earth Metal,0.03,0.03,Alkaline Earth Metal,0,0,Transitional Metal,8.79,8.79,Transitional Metal,0.92,0.92,Transitional Metal,2.86,2.86,Transitional Metal,0.02,0.02,Post-Transition Metal,4.49,4.49,Transitional Metal,1.25,1.25,Transitional Metal,040030002024,block_group
G24,G-K-24,Greenlee,Water,2015-2016,,&mu;g/L,,1.14,1.14,Post-Transition Metal,21.62,21.62,Metalloid,0.12,0.12,Alkaline Earth Metal,0.02,0.02,Alkaline Earth Metal,0,0,Transitional Metal,23.16,23.16,Transitional Metal,0.11,0.11,Transitional Metal,0.05,0.05,Transitional Metal,0.11,0.11,Post-Transition Metal,1.3,1.3,Transitional Metal,3.08,3.08,Transitional Metal,040119603002,block_group
G23,G-K-23,Greenlee,Water,2015-2016,,&mu;g/L,,1.4,1.4,Post-Transition Metal,21.32,21.32,Metalloid,1.47,1.47,Alkaline Earth Metal,0.02,0.02,Alkaline Earth Metal,0,0,Transitional Metal,23.06,23.06,Transitional Metal,0.22,0.22,Transitional Metal,0.32,0.32,Transitional Metal,0.02,0.02,Post-Transition Metal,1.78,1.78,Transitional Metal,0.66,0.66,Transitional Metal,040119603002,block_group
G22,G-K-22,Greenlee,Water,2015-2016,,&mu;g/L,,8.4,8.4,Post-Transition Metal,14.18,14.18,Metalloid,17.22,17.22,Alkaline Earth Metal,0.03,0.03,Alkaline Earth Metal,0.01,0.01,Transitional Metal,4.11,4.11,Transitional Metal,0.87,0.87,Transitional Metal,1.85,1.85,Transitional Metal,0.03,0.03,Post-Transition Metal,9.13,9.13,Transitional Metal,1.53,1.53,Transitional Metal,040119603002,block_group
G45,G-K-45,Greenlee,Water,2015-2016,,&mu;g/L,,0.21,0.21,Post-Transition Metal,2.21,2.21,Metalloid,0.47,0.47,Alkaline Earth Metal,0.02,0.02,Alkaline Earth Metal,0,0,Transitional Metal,8.48,8.48,Transitional Metal,0,0,Transitional Metal,0.45,0.45,Transitional Metal,0.02,0.02,Post-Transition Metal,1.53,1.53,Transitional Metal,0.36,0.36,Transitional Metal,040119601001,block_group
G32,G-K-32,Greenlee,Water,2015-2016,,&mu;g/L,,0.17,0.17,Post-Transition Metal,2.14,2.14,Metalloid,10.22,10.22,Alkaline Earth Metal,0.04,0.04,Alkaline Earth Metal,0,0,Transitional Metal,0.56,0.56,Transitional Metal,0.03,0.03,Transitional Metal,1.41,1.41,Transitional Metal,0.01,0.01,Post-Transition Metal,1.49,1.49,Transitional Metal,0.47,0.47,Transitional Metal,040119601001,block_group
G31,G-K-31,Greenlee,Water,2015-2016,,&mu;g/L,,0.2,0.2,Post-Transition Metal,2.34,2.34,Metalloid,10.66,10.66,Alkaline Earth Metal,0.03,0.03,Alkaline Earth Metal,0,0,Transitional Metal,0.57,0.57,Transitional Metal,0.05,0.05,Transitional Metal,1.4,1.4,Transitional Metal,0.02,0.02,Post-Transition Metal,2.38,2.38,Transitional Metal,0.82,0.82,Transitional Metal,040119601001,block_group
G01,G-K-1,Greenlee,Water,2015-2016,,&mu;g/L,,0.65,0.65,Post-Transition Metal,2.93,2.93,Metalloid,8.26,8.26,Alkaline Earth Metal,0.01,0.01,Alkaline Earth Metal,0,0,Transitional Metal,0.03,0.03,Transitional Metal,7.18,7.18,Transitional Metal,1.4,1.4,Transitional Metal,0.02,0.02,Post-Transition Metal,0.92,0.92,Transitional Metal,3.19,3.19,Transitional Metal,040119601002,block_group
G20,G-K-20,Greenlee,Water,2015-2016,,&mu;g/L,,0.23,0.23,Post-Transition Metal,2.31,2.31,Metalloid,21.69,21.69,Alkaline Earth Metal,0.02,0.02,Alkaline Earth Metal,0.02,0.02,Transitional Metal,0.04,0.04,Transitional Metal,5.09,5.09,Transitional Metal,1.83,1.83,Transitional Metal,0.04,0.04,Post-Transition Metal,14,14,Transitional Metal,347.62,347.62,Transitional Metal,040119603003,block_group
G26,G-K-26,Greenlee,Water,2015-2016,,&mu;g/L,,2.75,2.75,Post-Transition Metal,10.46,10.46,Metalloid,,,Alkaline Earth Metal,,,Alkaline Earth Metal,0,0,Transitional Metal,18.42,18.42,Transitional Metal,,,Transitional Metal,,,Transitional Metal,0.05,0.05,Post-Transition Metal,3.04,3.04,Transitional Metal,,,Transitional Metal,040119603002,block_group
G10,G-K-10,Greenlee,Water,2015-2016,,&mu;g/L,,3.74,3.74,Post-Transition Metal,10.48,10.48,Metalloid,,,Alkaline Earth Metal,,,Alkaline Earth Metal,0,0,Transitional Metal,19.06,19.06,Transitional Metal,,,Transitional Metal,,,Transitional Metal,0.02,0.02,Post-Transition Metal,2.85,2.85,Transitional Metal,,,Transitional Metal,040119603002,block_group
G03,G-K-3,Greenlee,Water,2015-2016,,&mu;g/L,,0.69,0.69,Post-Transition Metal,3.14,3.14,Metalloid,,,Alkaline Earth Metal,,,Alkaline Earth Metal,0,0,Transitional Metal,0.18,0.18,Transitional Metal,,,Transitional Metal,,,Transitional Metal,0,0,Post-Transition Metal,116.59,116.59,Transitional Metal,,,Transitional Metal,040119602003,block_group
G21,G-K-21,Greenlee,Water,2015-2016,,&mu;g/L,,0.3,0.3,Post-Transition Metal,3.46,3.46,Metalloid,,,Alkaline Earth Metal,,,Alkaline Earth Metal,0.01,0.01,Transitional Metal,0.28,0.28,Transitional Metal,,,Transitional Metal,,,Transitional Metal,0.04,0.04,Post-Transition Metal,4.88,4.88,Transitional Metal,,,Transitional Metal,040119602003,block_group
G05,G-K-5,Greenlee,Water,2015-2016,,&mu;g/L,,0.71,0.71,Post-Transition Metal,42.3,42.3,Metalloid,,,Alkaline Earth Metal,,,Alkaline Earth Metal,0.05,0.05,Transitional Metal,8.36,8.36,Transitional Metal,,,Transitional Metal,,,Transitional Metal,0.92,0.92,Post-Transition Metal,38.71,38.71,Transitional Metal,,,Transitional Metal,040119603001,block_group
G43,G-K-43,Greenlee,Water,2015-2016,,&mu;g/L,,0.23,0.23,Post-Transition Metal,1.97,1.97,Metalloid,,,Alkaline Earth Metal,,,Alkaline Earth Metal,0.02,0.02,Transitional Metal,8.24,8.24,Transitional Metal,,,Transitional Metal,,,Transitional Metal,0.19,0.19,Post-Transition Metal,33.17,33.17,Transitional Metal,,,Transitional Metal,040119603001,block_group
G35,G-K-35,Greenlee,Water,2015-2016,,&mu;g/L,,47.34,47.34,Post-Transition Metal,1.11,1.11,Metalloid,,,Alkaline Earth Metal,,,Alkaline Earth Metal,0.03,0.03,Transitional Metal,0.16,0.16,Transitional Metal,,,Transitional Metal,,,Transitional Metal,0.01,0.01,Post-Transition Metal,2.61,2.61,Transitional Metal,,,Transitional Metal,040119602002,block_group
G41,G-K-41,Greenlee,Water,2015-2016,,&mu;g/L,,52.99,52.99,Post-Transition Metal,0.96,0.96,Metalloid,,,Alkaline Earth Metal,,,Alkaline Earth Metal,0.02,0.02,Transitional Metal,0.16,0.16,Transitional Metal,,,Transitional Metal,,,Transitional Metal,0.02,0.02,Post-Transition Metal,0.79,0.79,Transitional Metal,,,Transitional Metal,040119602002,block_group
A06,A-K-6,Apache,Water,2015-2016,,&mu;g/L,,73.4,73.4,Post-Transition Metal,0.67,0.67,Metalloid,,,Alkaline Earth Metal,,,Alkaline Earth Metal,0,0,Transitional Metal,1.03,1.03,Transitional Metal,,,Transitional Metal,,,Transitional Metal,0.02,0.02,Post-Transition Metal,5.2,5.2,Transitional Metal,,,Transitional Metal,040019702001,block_group
A14,A-K-14,Apache,Water,2015-2016,,&mu;g/L,,0.23,0.23,Post-Transition Metal,3.93,3.93,Metalloid,,,Alkaline Earth Metal,,,Alkaline Earth Metal,0,0,Transitional Metal,0.01,0.01,Transitional Metal,,,Transitional Metal,,,Transitional Metal,0.15,0.15,Post-Transition Metal,10.71,10.71,Transitional Metal,,,Transitional Metal,040019702002,block_group
A19,A-K-19 pill bottle,Apache,Water,2015-2016,,&mu;g/L,,20.94,20.94,Post-Transition Metal,0.98,0.98,Metalloid,,,Alkaline Earth Metal,,,Alkaline Earth Metal,0.02,0.02,Transitional Metal,0.13,0.13,Transitional Metal,,,Transitional Metal,,,Transitional Metal,0.33,0.33,Post-Transition Metal,162.09,162.09,Transitional Metal,,,Transitional Metal,040019703001,block_group
A21,A-K-21 1 canning jar/metal lid,Apache,Water,2015-2016,,&mu;g/L,,0.23,0.23,Post-Transition Metal,2.8,2.8,Metalloid,,,Alkaline Earth Metal,,,Alkaline Earth Metal,0,0,Transitional Metal,0,0,Transitional Metal,,,Transitional Metal,,,Transitional Metal,0,0,Post-Transition Metal,4.19,4.19,Transitional Metal,,,Transitional Metal,NA,block_group
A23,A-K-23,Apache,Water,2015-2016,,&mu;g/L,,3.04,3.04,Post-Transition Metal,2.66,2.66,Metalloid,,,Alkaline Earth Metal,,,Alkaline Earth Metal,0,0,Transitional Metal,0,0,Transitional Metal,,,Transitional Metal,,,Transitional Metal,0.08,0.08,Post-Transition Metal,7.83,7.83,Transitional Metal,,,Transitional Metal,040019702001,block_group
A26,A-K-26 "Tupperware",Apache,Water,2015-2016,,&mu;g/L,,1.44,1.44,Post-Transition Metal,4.05,4.05,Metalloid,,,Alkaline Earth Metal,,,Alkaline Earth Metal,0.01,0.01,Transitional Metal,0.09,0.09,Transitional Metal,,,Transitional Metal,,,Transitional Metal,0,0,Post-Transition Metal,10.16,10.16,Transitional Metal,,,Transitional Metal,040019705013,block_group
D01,Y1,Dewey-Humboldt,Water,2011-2012,,&mu;g/L,,,,Post-Transition Metal,12.887,12.887,Metalloid,57.272,57.272,Alkaline Earth Metal,≤LOD,≤LOD,Alkaline Earth Metal,≤LOD,≤LOD,Transitional Metal,1.149,1.149,Transitional Metal,0.22,0.22,Transitional Metal,≤LOD,≤LOD,Transitional Metal,≤LOD,≤LOD,Post-Transition Metal,9.4585,9.4585,Transitional Metal,4.5415,4.5415,Transitional Metal,040250015002,block_group
D03,Y3,Dewey-Humboldt,Water,2011-2012,,&mu;g/L,,,,Post-Transition Metal,6.5475,6.5475,Metalloid,17.412,17.412,Alkaline Earth Metal,≤LOD,≤LOD,Alkaline Earth Metal,7.975,7.975,Transitional Metal,≤LOD,≤LOD,Transitional Metal,0.377,0.377,Transitional Metal,2.942,2.942,Transitional Metal,0.575,0.575,Post-Transition Metal,542.182,542.182,Transitional Metal,20.597,20.597,Transitional Metal,040250015001,block_group
D04,Y4,Dewey-Humboldt,Water,2011-2012,,&mu;g/L,,,,Post-Transition Metal,9.648,9.648,Metalloid,74.2145,74.2145,Alkaline Earth Metal,≤LOD,≤LOD,Alkaline Earth Metal,≤LOD,≤LOD,Transitional Metal,1.123,1.123,Transitional Metal,≤LOD,≤LOD,Transitional Metal,0.1165,0.1165,Transitional Metal,0.291,0.291,Post-Transition Metal,9.364,9.364,Transitional Metal,23.183,23.183,Transitional Metal,040250015002,block_group
D07,Y7,Dewey-Humboldt,Water,2011-2012,,&mu;g/L,,,,Post-Transition Metal,30.3695,30.3695,Metalloid,48.406,48.406,Alkaline Earth Metal,≤LOD,≤LOD,Alkaline Earth Metal,≤LOD,≤LOD,Transitional Metal,≤LOD,≤LOD,Transitional Metal,3.2175,3.2175,Transitional Metal,≤LOD,≤LOD,Transitional Metal,≤LOD,≤LOD,Post-Transition Metal,119.089,119.089,Transitional Metal,1.754,1.754,Transitional Metal,040250019003,block_group
D09,Y9,Dewey-Humboldt,Water,2011-2012,,&mu;g/L,,,,Post-Transition Metal,11.2062,11.2062,Metalloid,35.996,35.996,Alkaline Earth Metal,≤LOD,≤LOD,Alkaline Earth Metal,≤LOD,≤LOD,Transitional Metal,0.7514,0.7514,Transitional Metal,2.513,2.513,Transitional Metal,0.17366667,0.17366667,Transitional Metal,≤LOD,≤LOD,Post-Transition Metal,65.3948,65.3948,Transitional Metal,12.3758,12.3758,Transitional Metal,040250015002,block_group
D11,Y11,Dewey-Humboldt,Water,2011-2012,,&mu;g/L,,,,Post-Transition Metal,2.526,2.526,Metalloid,78.6008,78.6008,Alkaline Earth Metal,0.209,0.209,Alkaline Earth Metal,0.166,0.166,Transitional Metal,≤LOD,≤LOD,Transitional Metal,0.1664,0.1664,Transitional Metal,0.36,0.36,Transitional Metal,0.4284,0.4284,Post-Transition Metal,18.0256,18.0256,Transitional Metal,16.1144,16.1144,Transitional Metal,040250019003,block_group
D12,Y12,Dewey-Humboldt,Water,2011-2012,,&mu;g/L,,,,Post-Transition Metal,12.439,12.439,Metalloid,37.208,37.208,Alkaline Earth Metal,≤LOD,≤LOD,Alkaline Earth Metal,0.069,0.069,Transitional Metal,0.8735,0.8735,Transitional Metal,0.323,0.323,Transitional Metal,0.169,0.169,Transitional Metal,≤LOD,≤LOD,Post-Transition Metal,17.708,17.708,Transitional Metal,21.573,21.573,Transitional Metal,040250015002,block_group
D13,Y13,Dewey-Humboldt,Water,2011-2012,,&mu;g/L,,,,Post-Transition Metal,19.7475,19.7475,Metalloid,31.5545,31.5545,Alkaline Earth Metal,≤LOD,≤LOD,Alkaline Earth Metal,0.075,0.075,Transitional Metal,1.696,1.696,Transitional Metal,0.097,0.097,Transitional Metal,0.1305,0.1305,Transitional Metal,0.325,0.325,Post-Transition Metal,6.7975,6.7975,Transitional Metal,8.9155,8.9155,Transitional Metal,040250007003,block_group
D15,Y15,Dewey-Humboldt,Water,2011-2012,,&mu;g/L,,,,Post-Transition Metal,4.1115,4.1115,Metalloid,9.9775,9.9775,Alkaline Earth Metal,≤LOD,≤LOD,Alkaline Earth Metal,≤LOD,≤LOD,Transitional Metal,≤LOD,≤LOD,Transitional Metal,0.8415,0.8415,Transitional Metal,15.3325,15.3325,Transitional Metal,≤LOD,≤LOD,Post-Transition Metal,3.9835,3.9835,Transitional Metal,0.586,0.586,Transitional Metal,040250015002,block_group
D16,Y16,Dewey-Humboldt,Water,2011-2012,,&mu;g/L,,,,Post-Transition Metal,2.8575,2.8575,Metalloid,35.712,35.712,Alkaline Earth Metal,≤LOD,≤LOD,Alkaline Earth Metal,≤LOD,≤LOD,Transitional Metal,2.1885,2.1885,Transitional Metal,0.27,0.27,Transitional Metal,0.108,0.108,Transitional Metal,≤LOD,≤LOD,Post-Transition Metal,19.851,19.851,Transitional Metal,3.0175,3.0175,Transitional Metal,040250007003,block_group
D17,Y17,Dewey-Humboldt,Water,2011-2012,,&mu;g/L,,,,Post-Transition Metal,3.507,3.507,Metalloid,53.705,53.705,Alkaline Earth Metal,≤LOD,≤LOD,Alkaline Earth Metal,≤LOD,≤LOD,Transitional Metal,0.716,0.716,Transitional Metal,≤LOD,≤LOD,Transitional Metal,≤LOD,≤LOD,Transitional Metal,≤LOD,≤LOD,Post-Transition Metal,0.98,0.98,Transitional Metal,12.084,12.084,Transitional Metal,040250006071,block_group
D20,Y20,Dewey-Humboldt,Water,2011-2012,,&mu;g/L,,,,Post-Transition Metal,11.836,11.836,Metalloid,37.861,37.861,Alkaline Earth Metal,≤LOD,≤LOD,Alkaline Earth Metal,≤LOD,≤LOD,Transitional Metal,2.23,2.23,Transitional Metal,0.179,0.179,Transitional Metal,0.1865,0.1865,Transitional Metal,0.7,0.7,Post-Transition Metal,36.959,36.959,Transitional Metal,50.3165,50.3165,Transitional Metal,040250015002,block_group
D21,Y21,Dewey-Humboldt,Water,2011-2012,,&mu;g/L,,,,Post-Transition Metal,1.404,1.404,Metalloid,104.909,104.909,Alkaline Earth Metal,≤LOD,≤LOD,Alkaline Earth Metal,≤LOD,≤LOD,Transitional Metal,≤LOD,≤LOD,Transitional Metal,0.769,0.769,Transitional Metal,1.5555,1.5555,Transitional Metal,0.552,0.552,Post-Transition Metal,44.4,44.4,Transitional Metal,19.747,19.747,Transitional Metal,040250015002,block_group
D29,Y29,Dewey-Humboldt,Water,2011-2012,,&mu;g/L,,,,Post-Transition Metal,3.0212,3.0212,Metalloid,93.3154,93.3154,Alkaline Earth Metal,≤LOD,≤LOD,Alkaline Earth Metal,≤LOD,≤LOD,Transitional Metal,0.7182,0.7182,Transitional Metal,0.6468,0.6468,Transitional Metal,4.5814,4.5814,Transitional Metal,0.48566667,0.48566667,Post-Transition Metal,176.2022,176.2022,Transitional Metal,21.5914,21.5914,Transitional Metal,040250007003,block_group
D32,Y32,Dewey-Humboldt,Water,2011-2012,,&mu;g/L,,,,Post-Transition Metal,19.465,19.465,Metalloid,22.38,22.38,Alkaline Earth Metal,,,Alkaline Earth Metal,0.1535,0.1535,Transitional Metal,1.8085,1.8085,Transitional Metal,0.9595,0.9595,Transitional Metal,1.2325,1.2325,Transitional Metal,0.54,0.54,Post-Transition Metal,440.0735,440.0735,Transitional Metal,27.474,27.474,Transitional Metal,040250015002,block_group
D34,Y34,Dewey-Humboldt,Water,2011-2012,,&mu;g/L,,,,Post-Transition Metal,18.8675,18.8675,Metalloid,35.2505,35.2505,Alkaline Earth Metal,≤LOD,≤LOD,Alkaline Earth Metal,6.40E-02,6.40E-02,Transitional Metal,1.282,1.282,Transitional Metal,0.152,0.152,Transitional Metal,0.8635,0.8635,Transitional Metal,4.855,4.855,Post-Transition Metal,102.354,102.354,Transitional Metal,146.324,146.324,Transitional Metal,040250007003,block_group
D35,Y35,Dewey-Humboldt,Water,2011-2012,,&mu;g/L,,,,Post-Transition Metal,14.6925,14.6925,Metalloid,36.9725,36.9725,Alkaline Earth Metal,≤LOD,≤LOD,Alkaline Earth Metal,≤LOD,≤LOD,Transitional Metal,1.105,1.105,Transitional Metal,0.817,0.817,Transitional Metal,0.473,0.473,Transitional Metal,≤LOD,≤LOD,Post-Transition Metal,60.4525,60.4525,Transitional Metal,71.028,71.028,Transitional Metal,040250007003,block_group
D37,Y37,Dewey-Humboldt,Water,2011-2012,,&mu;g/L,,,,Post-Transition Metal,20.1795,20.1795,Metalloid,67.3625,67.3625,Alkaline Earth Metal,≤LOD,≤LOD,Alkaline Earth Metal,≤LOD,≤LOD,Transitional Metal,3.0685,3.0685,Transitional Metal,≤LOD,≤LOD,Transitional Metal,0.1725,0.1725,Transitional Metal,0.413,0.413,Post-Transition Metal,27.7215,27.7215,Transitional Metal,53.1885,53.1885,Transitional Metal,040250015002,block_group
D38,Y38,Dewey-Humboldt,Water,2011-2012,,&mu;g/L,,,,Post-Transition Metal,16.2942,16.2942,Metalloid,34.9818,34.9818,Alkaline Earth Metal,≤LOD,≤LOD,Alkaline Earth Metal,≤LOD,≤LOD,Transitional Metal,1.2042,1.2042,Transitional Metal,0.188,0.188,Transitional Metal,≤LOD,≤LOD,Transitional Metal,≤LOD,≤LOD,Post-Transition Metal,7.7648,7.7648,Transitional Metal,1.645,1.645,Transitional Metal,040250007003,block_group
D39,Y39,Dewey-Humboldt,Water,2011-2012,,&mu;g/L,,,,Post-Transition Metal,33.022,33.022,Metalloid,37.416,37.416,Alkaline Earth Metal,≤LOD,≤LOD,Alkaline Earth Metal,≤LOD,≤LOD,Transitional Metal,23.9195,23.9195,Transitional Metal,≤LOD,≤LOD,Transitional Metal,≤LOD,≤LOD,Transitional Metal,≤LOD,≤LOD,Post-Transition Metal,26.957,26.957,Transitional Metal,2.4105,2.4105,Transitional Metal,040250019004,block_group
D40,Y40,Dewey-Humboldt,Water,2011-2012,,&mu;g/L,,,,Post-Transition Metal,17.7115,17.7115,Metalloid,8.0725,8.0725,Alkaline Earth Metal,≤LOD,≤LOD,Alkaline Earth Metal,≤LOD,≤LOD,Transitional Metal,≤LOD,≤LOD,Transitional Metal,1.01,1.01,Transitional Metal,4.8265,4.8265,Transitional Metal,9.2715,9.2715,Post-Transition Metal,130.403,130.403,Transitional Metal,223.4535,223.4535,Transitional Metal,040250015002,block_group
D41,Y41,Dewey-Humboldt,Water,2011-2012,,&mu;g/L,,,,Post-Transition Metal,9.1455,9.1455,Metalloid,9.616,9.616,Alkaline Earth Metal,≤LOD,≤LOD,Alkaline Earth Metal,≤LOD,≤LOD,Transitional Metal,≤LOD,≤LOD,Transitional Metal,0.9795,0.9795,Transitional Metal,0.355,0.355,Transitional Metal,≤LOD,≤LOD,Post-Transition Metal,29.6345,29.6345,Transitional Metal,4.476,4.476,Transitional Metal,040250015002,block_group
D45,Y45,Dewey-Humboldt,Water,2011-2012,,&mu;g/L,,,,Post-Transition Metal,137.3718,137.3718,Metalloid,65.1168,65.1168,Alkaline Earth Metal,≤LOD,≤LOD,Alkaline Earth Metal,≤LOD,≤LOD,Transitional Metal,≤LOD,≤LOD,Transitional Metal,0.6004,0.6004,Transitional Metal,0.2522,0.2522,Transitional Metal,0.265,0.265,Post-Transition Metal,893.9018,893.9018,Transitional Metal,42.6478,42.6478,Transitional Metal,040250015002,block_group
D50,Y50,Dewey-Humboldt,Water,2011-2012,,&mu;g/L,,,,Post-Transition Metal,2029.7544,2029.7544,Metalloid,47.4428,47.4428,Alkaline Earth Metal,≤LOD,≤LOD,Alkaline Earth Metal,≤LOD,≤LOD,Transitional Metal,≤LOD,≤LOD,Transitional Metal,14.3268,14.3268,Transitional Metal,0.4875,0.4875,Transitional Metal,0.8724,0.8724,Post-Transition Metal,94.9358,94.9358,Transitional Metal,8.5458,8.5458,Transitional Metal,040250007003,block_group
GS01,GS01W-082419,Superior,Water,2019-2020,,&mu;g/L,,2.799142891,2.799142891,Post-Transition Metal,7.046207332,7.046207332,Metalloid,16.87607397,16.87607397,Alkaline Earth Metal,0.009982036,0.009982036,Alkaline Earth Metal,0.208722198,0.208722198,Transitional Metal,3.826711667,3.826711667,Transitional Metal,6.311356695,6.311356695,Transitional Metal,2.243824991,2.243824991,Transitional Metal,0.253586089,0.253586089,Post-Transition Metal,61.78572758,61.78572758,Transitional Metal,5.744982988,5.744982988,Transitional Metal,040138172001,block_group
GS03,GS03W-082419,Superior,Water,2019-2020,,&mu;g/L,,2.866045337,2.866045337,Post-Transition Metal,7.657182058,7.657182058,Metalloid,15.79090752,15.79090752,Alkaline Earth Metal,0.012841721,0.012841721,Alkaline Earth Metal,0.024055693,0.024055693,Transitional Metal,3.880230601,3.880230601,Transitional Metal,0.863295499,0.863295499,Transitional Metal,1.963465641,1.963465641,Transitional Metal,0.049888436,0.049888436,Post-Transition Metal,3.390739452,3.390739452,Transitional Metal,9.634063288,9.634063288,Transitional Metal,040210004002,block_group
GS04,GS04W-082419,Superior,Water,2019-2020,,&mu;g/L,,2.740664698,2.740664698,Post-Transition Metal,7.866389761,7.866389761,Metalloid,15.89188865,15.89188865,Alkaline Earth Metal,0.015745875,0.015745875,Alkaline Earth Metal,0.02242136,0.02242136,Transitional Metal,3.711585122,3.711585122,Transitional Metal,1.961387206,1.961387206,Transitional Metal,2.03693014,2.03693014,Transitional Metal,0.069444503,0.069444503,Post-Transition Metal,3.916314014,3.916314014,Transitional Metal,12.38478623,12.38478623,Transitional Metal,040210004003,block_group
GS05,GS05W-082419,Superior,Water,2019-2020,,&mu;g/L,,4.110573621,4.110573621,Post-Transition Metal,7.254611406,7.254611406,Metalloid,15.47750066,15.47750066,Alkaline Earth Metal,0.014473481,0.014473481,Alkaline Earth Metal,<LOD,0.01,Transitional Metal,2.959128614,2.959128614,Transitional Metal,1.560108654,1.560108654,Transitional Metal,1.905292899,1.905292899,Transitional Metal,0.068709748,0.068709748,Post-Transition Metal,2.796044384,2.796044384,Transitional Metal,4.006897767,4.006897767,Transitional Metal,040210004001,block_group
GS06,GS06W-082419,Superior,Water,2019-2020,,&mu;g/L,,4.873601003,4.873601003,Post-Transition Metal,7.32707008,7.32707008,Metalloid,16.16495661,16.16495661,Alkaline Earth Metal,0.018618494,0.018618494,Alkaline Earth Metal,0.017730138,0.017730138,Transitional Metal,2.507597484,2.507597484,Transitional Metal,3.798363631,3.798363631,Transitional Metal,2.0145822,2.0145822,Transitional Metal,0.066642271,0.066642271,Post-Transition Metal,7.426712051,7.426712051,Transitional Metal,18.52675894,18.52675894,Transitional Metal,040210004002,block_group
GS07,GS07W-082419,Superior,Water,2019-2020,,&mu;g/L,,2.838065706,2.838065706,Post-Transition Metal,7.384076761,7.384076761,Metalloid,16.46612039,16.46612039,Alkaline Earth Metal,0.01001673,0.01001673,Alkaline Earth Metal,0.035285617,0.035285617,Transitional Metal,2.731896501,2.731896501,Transitional Metal,1.149206999,1.149206999,Transitional Metal,6.680275671,6.680275671,Transitional Metal,0.387628439,0.387628439,Post-Transition Metal,8.804677457,8.804677457,Transitional Metal,19.12210495,19.12210495,Transitional Metal,040210004003,block_group
GS08,GS08W-082419,Superior,Water,2019-2020,,&mu;g/L,,4.815194962,4.815194962,Post-Transition Metal,45.29029159,45.29029159,Metalloid,108.9035906,108.9035906,Alkaline Earth Metal,0.017246951,0.017246951,Alkaline Earth Metal,0.059245879,0.059245879,Transitional Metal,<LOD,0.25,Transitional Metal,624.0509367,624.0509367,Transitional Metal,2.275226725,2.275226725,Transitional Metal,0.100576144,0.100576144,Post-Transition Metal,3.00886631,3.00886631,Transitional Metal,2.045927463,2.045927463,Transitional Metal,040210004004,block_group
GS09,GS09W-082419,Superior,Water,2019-2020,,&mu;g/L,,2.497127584,2.497127584,Post-Transition Metal,5.524940453,5.524940453,Metalloid,12.43215298,12.43215298,Alkaline Earth Metal,<LOD,0.005,Alkaline Earth Metal,0.025215656,0.025215656,Transitional Metal,1.703711339,1.703711339,Transitional Metal,1.531847899,1.531847899,Transitional Metal,1.259460193,1.259460193,Transitional Metal,0.044605292,0.044605292,Post-Transition Metal,4.62994176,4.62994176,Transitional Metal,2.536219606,2.536219606,Transitional Metal,040210004002,block_group
GS10,GS10W-082419,Superior,Water,2019-2020,,&mu;g/L,,2.527916743,2.527916743,Post-Transition Metal,7.739232225,7.739232225,Metalloid,16.11541781,16.11541781,Alkaline Earth Metal,0.009780913,0.009780913,Alkaline Earth Metal,0.016721748,0.016721748,Transitional Metal,2.963998332,2.963998332,Transitional Metal,0.799654822,0.799654822,Transitional Metal,1.911400803,1.911400803,Transitional Metal,0.069369708,0.069369708,Post-Transition Metal,13.86496559,13.86496559,Transitional Metal,20.84551905,20.84551905,Transitional Metal,040210004003,block_group
GS11,GS11W-082419,Superior,Water,2019-2020,,&mu;g/L,,13.61763452,13.61763452,Post-Transition Metal,7.590613826,7.590613826,Metalloid,15.78694106,15.78694106,Alkaline Earth Metal,0.00972813,0.00972813,Alkaline Earth Metal,0.019991132,0.019991132,Transitional Metal,2.870699353,2.870699353,Transitional Metal,4.140812349,4.140812349,Transitional Metal,2.190163394,2.190163394,Transitional Metal,0.237694256,0.237694256,Post-Transition Metal,18.02654639,18.02654639,Transitional Metal,7.769926914,7.769926914,Transitional Metal,040210004002,block_group
GS13,GS13W-082419,Superior,Water,2019-2020,,&mu;g/L,,3.003636794,3.003636794,Post-Transition Metal,7.981659361,7.981659361,Metalloid,16.17266158,16.17266158,Alkaline Earth Metal,0.009811195,0.009811195,Alkaline Earth Metal,0.035977018,0.035977018,Transitional Metal,3.389603675,3.389603675,Transitional Metal,2.915365647,2.915365647,Transitional Metal,1.943967669,1.943967669,Transitional Metal,0.234573738,0.234573738,Post-Transition Metal,19.30773376,19.30773376,Transitional Metal,5.053412151,5.053412151,Transitional Metal,040210004001,block_group
GS14,GS14W-082419,Superior,Water,2019-2020,,&mu;g/L,,1.992522202,1.992522202,Post-Transition Metal,8.219508974,8.219508974,Metalloid,15.36888112,15.36888112,Alkaline Earth Metal,0.009888466,0.009888466,Alkaline Earth Metal,0.021205223,0.021205223,Transitional Metal,3.623220736,3.623220736,Transitional Metal,0.477803133,0.477803133,Transitional Metal,2.127260796,2.127260796,Transitional Metal,<LOD,0.01,Post-Transition Metal,5.198509984,5.198509984,Transitional Metal,125.5350457,125.5350457,Transitional Metal,040210004004,block_group
GS17,GS17W-082419,Superior,Water,2019-2020,,&mu;g/L,,1.868469558,1.868469558,Post-Transition Metal,8.101152565,8.101152565,Metalloid,16.39572707,16.39572707,Alkaline Earth Metal,<LOD,0.005,Alkaline Earth Metal,0.085147377,0.085147377,Transitional Metal,3.430608355,3.430608355,Transitional Metal,0.846191951,0.846191951,Transitional Metal,1.883314682,1.883314682,Transitional Metal,0.231602833,0.231602833,Post-Transition Metal,27.60532126,27.60532126,Transitional Metal,11.79032935,11.79032935,Transitional Metal,040210004004,block_group
GS18,GS18W-082419,Superior,Water,2019-2020,,&mu;g/L,,4.423395886,4.423395886,Post-Transition Metal,8.338105571,8.338105571,Metalloid,16.67389216,16.67389216,Alkaline Earth Metal,0.00985019,0.00985019,Alkaline Earth Metal,0.018929538,0.018929538,Transitional Metal,3.617169453,3.617169453,Transitional Metal,0.941985213,0.941985213,Transitional Metal,2.025943771,2.025943771,Transitional Metal,0.368257057,0.368257057,Post-Transition Metal,5.953195594,5.953195594,Transitional Metal,16.37205327,16.37205327,Transitional Metal,040210004003,block_group
GS19,GS19W-082419,Superior,Water,2019-2020,,&mu;g/L,,3.042546692,3.042546692,Post-Transition Metal,8.249902979,8.249902979,Metalloid,15.86006868,15.86006868,Alkaline Earth Metal,0.012884947,0.012884947,Alkaline Earth Metal,0.025996766,0.025996766,Transitional Metal,3.69203756,3.69203756,Transitional Metal,1.297128539,1.297128539,Transitional Metal,2.464511667,2.464511667,Transitional Metal,0.077486461,0.077486461,Post-Transition Metal,4.482673789,4.482673789,Transitional Metal,47.7354082,47.7354082,Transitional Metal,040210004003,block_group
GS20,GS20W-082419,Superior,Water,2019-2020,,&mu;g/L,,3.576369512,3.576369512,Post-Transition Metal,8.067471943,8.067471943,Metalloid,16.30372878,16.30372878,Alkaline Earth Metal,0.012803799,0.012803799,Alkaline Earth Metal,0.023419336,0.023419336,Transitional Metal,3.611767709,3.611767709,Transitional Metal,0.890691433,0.890691433,Transitional Metal,1.813685503,1.813685503,Transitional Metal,0.036097275,0.036097275,Post-Transition Metal,5.718664114,5.718664114,Transitional Metal,3.324488841,3.324488841,Transitional Metal,040210004003,block_group
GS25,GS25W-082419,Superior,Field Blank,2019-2020,,&mu;g/L,,3.862109093,3.862109093,Post-Transition Metal,1.407538475,1.407538475,Metalloid,<LOD,0.03,Alkaline Earth Metal,<LOD,0.005,Alkaline Earth Metal,<LOD,0.01,Transitional Metal,1.460274563,1.460274563,Transitional Metal,0.043916069,0.043916069,Transitional Metal,0.10384481,0.10384481,Transitional Metal,<LOD,0.01,Post-Transition Metal,0.314203052,0.314203052,Transitional Metal,0.135279976,0.135279976,Transitional Metal,040210004002,block_group
GS01,GS01W-082419,Superior,Field Blank,2019-2020,,&mu;g/L,,10.55518814,10.55518814,Post-Transition Metal,1.383968851,1.383968851,Metalloid,<LOD,0.03,Alkaline Earth Metal,0.012752089,0.012752089,Alkaline Earth Metal,<LOD,0.01,Transitional Metal,1.440899682,1.440899682,Transitional Metal,<LOD,0.005,Transitional Metal,0.061554178,0.061554178,Transitional Metal,<LOD,0.01,Post-Transition Metal,0.655989853,0.655989853,Transitional Metal,0.530557946,0.530557946,Transitional Metal,040138172001,block_group
GS02,GS02W-082419,Superior,Field Blank,2019-2020,,&mu;g/L,,1.364192799,1.364192799,Post-Transition Metal,1.493959789,1.493959789,Metalloid,<LOD,0.03,Alkaline Earth Metal,<LOD,0.005,Alkaline Earth Metal,<LOD,0.01,Transitional Metal,1.581924469,1.581924469,Transitional Metal,0.021072865,0.021072865,Transitional Metal,0.462472732,0.462472732,Transitional Metal,<LOD,0.01,Post-Transition Metal,1.556061243,1.556061243,Transitional Metal,0.119844805,0.119844805,Transitional Metal,040210004004,block_group
GS04,GS04W-082419,Superior,Field Blank,2019-2020,,&mu;g/L,,4.526555019,4.526555019,Post-Transition Metal,1.46040899,1.46040899,Metalloid,0.056161364,0.03,Alkaline Earth Metal,<LOD,0.005,Alkaline Earth Metal,<LOD,0.01,Transitional Metal,1.884418408,1.884418408,Transitional Metal,0.038603571,0.038603571,Transitional Metal,10.01395537,10.01395537,Transitional Metal,<LOD,0.01,Post-Transition Metal,1.339295853,1.339295853,Transitional Metal,0.271986298,0.271986298,Transitional Metal,040210004003,block_group
GS05,GS05W-082419,Superior,Field Blank,2019-2020,,&mu;g/L,,1.804867074,1.804867074,Post-Transition Metal,1.549030561,1.549030561,Metalloid,<LOD,0.03,Alkaline Earth Metal,0.015661915,0.015661915,Alkaline Earth Metal,<LOD,0.01,Transitional Metal,1.664049129,1.664049129,Transitional Metal,0.02927076,0.02927076,Transitional Metal,0.350974997,0.350974997,Transitional Metal,0.559315984,0.559315984,Post-Transition Metal,0.620538629,0.620538629,Transitional Metal,0.111050819,0.111050819,Transitional Metal,040210004001,block_group
GS06,GS06W-082419,Superior,Field Blank,2019-2020,,&mu;g/L,,1.151528913,1.151528913,Post-Transition Metal,1.229581639,1.229581639,Metalloid,<LOD,0.03,Alkaline Earth Metal,<LOD,0.005,Alkaline Earth Metal,<LOD,0.01,Transitional Metal,1.404657463,1.404657463,Transitional Metal,0.012302372,0.012302372,Transitional Metal,0.643346839,0.643346839,Transitional Metal,<LOD,0.01,Post-Transition Metal,1.082718926,1.082718926,Transitional Metal,0.089742606,0.089742606,Transitional Metal,040210004002,block_group
GS07,GS07W-082419,Superior,Field Blank,2019-2020,,&mu;g/L,,1.807868092,1.807868092,Post-Transition Metal,1.203282354,1.203282354,Metalloid,<LOD,0.03,Alkaline Earth Metal,<LOD,0.005,Alkaline Earth Metal,0.016875008,0.016875008,Transitional Metal,1.685481225,1.685481225,Transitional Metal,<LOD,0.005,Transitional Metal,0.130476469,0.130476469,Transitional Metal,<LOD,0.01,Post-Transition Metal,0.182935745,0.182935745,Transitional Metal,0.199133866,0.199133866,Transitional Metal,040210004003,block_group
GS08,GS08W-082419,Superior,Field Blank,2019-2020,,&mu;g/L,,1.672355158,1.672355158,Post-Transition Metal,1.274914551,1.274914551,Metalloid,<LOD,0.03,Alkaline Earth Metal,0.009844799,0.009844799,Alkaline Earth Metal,<LOD,0.01,Transitional Metal,2.030617066,2.030617066,Transitional Metal,0.019826401,0.019826401,Transitional Metal,0.054889589,0.054889589,Transitional Metal,<LOD,0.01,Post-Transition Metal,1.163809641,1.163809641,Transitional Metal,0.142122247,0.142122247,Transitional Metal,040210004004,block_group
GS09,GS09W-082419,Superior,Field Blank,2019-2020,,&mu;g/L,,1.109819525,1.109819525,Post-Transition Metal,1.077667104,1.077667104,Metalloid,<LOD,0.03,Alkaline Earth Metal,<LOD,0.005,Alkaline Earth Metal,<LOD,0.01,Transitional Metal,1.186857414,1.186857414,Transitional Metal,0.0238504,0.0238504,Transitional Metal,0.072134084,0.072134084,Transitional Metal,<LOD,0.01,Post-Transition Metal,0.272362909,0.272362909,Transitional Metal,0.125359014,0.125359014,Transitional Metal,040210004002,block_group
GS10,GS10W-082419,Superior,Field Blank,2019-2020,,&mu;g/L,,4.323836847,4.323836847,Post-Transition Metal,1.020074376,1.020074376,Metalloid,<LOD,0.03,Alkaline Earth Metal,0.009887304,0.009887304,Alkaline Earth Metal,<LOD,0.01,Transitional Metal,1.330513176,1.330513176,Transitional Metal,0.014318757,0.014318757,Transitional Metal,0.041393301,0.041393301,Transitional Metal,<LOD,0.01,Post-Transition Metal,0.179106578,0.179106578,Transitional Metal,0.1811139,0.1811139,Transitional Metal,040210004003,block_group
GS11,GS11W-082419,Superior,Field Blank,2019-2020,,&mu;g/L,,99.40923279,99.40923279,Post-Transition Metal,1.295302193,1.295302193,Metalloid,<LOD,0.03,Alkaline Earth Metal,<LOD,0.005,Alkaline Earth Metal,<LOD,0.01,Transitional Metal,1.666697671,1.666697671,Transitional Metal,0.024585961,0.024585961,Transitional Metal,0.138737335,0.138737335,Transitional Metal,<LOD,0.01,Post-Transition Metal,0.953336357,0.953336357,Transitional Metal,0.186976719,0.186976719,Transitional Metal,040210004002,block_group
GS13,GS13W-082419,Superior,Field Blank,2019-2020,,&mu;g/L,,3.63842268,3.63842268,Post-Transition Metal,0.954268855,0.954268855,Metalloid,0.61952943,0.61952943,Alkaline Earth Metal,<LOD,0.005,Alkaline Earth Metal,<LOD,0.01,Transitional Metal,1.11771378,1.11771378,Transitional Metal,0.251555846,0.251555846,Transitional Metal,0.106450529,0.106450529,Transitional Metal,<LOD,0.01,Post-Transition Metal,0.999273294,0.999273294,Transitional Metal,0.214294848,0.214294848,Transitional Metal,040210004001,block_group
GS14,GS14W-082419,Superior,Field Blank,2019-2020,,&mu;g/L,,2.287226436,2.287226436,Post-Transition Metal,1.226084279,1.226084279,Metalloid,<LOD,0.03,Alkaline Earth Metal,<LOD,0.005,Alkaline Earth Metal,<LOD,0.01,Transitional Metal,1.308870832,1.308870832,Transitional Metal,<LOD,0.005,Transitional Metal,0.055543529,0.055543529,Transitional Metal,<LOD,0.01,Post-Transition Metal,0.279458072,0.279458072,Transitional Metal,0.071156248,0.071156248,Transitional Metal,040210004004,block_group
GS17,GS17W-082419,Superior,Field Blank,2019-2020,,&mu;g/L,,0.775096504,0.775096504,Post-Transition Metal,1.096936665,1.096936665,Metalloid,<LOD,0.03,Alkaline Earth Metal,0.012950567,0.012950567,Alkaline Earth Metal,<LOD,0.01,Transitional Metal,1.24672365,1.24672365,Transitional Metal,0.026802316,0.026802316,Transitional Metal,0.036221458,0.036221458,Transitional Metal,<LOD,0.01,Post-Transition Metal,0.811661572,0.811661572,Transitional Metal,0.5712746,0.5712746,Transitional Metal,040210004004,block_group
GS18,GS18W-082419,Superior,Field Blank,2019-2020,,&mu;g/L,,1.550938365,1.550938365,Post-Transition Metal,1.279756182,1.279756182,Metalloid,<LOD,0.03,Alkaline Earth Metal,<LOD,0.005,Alkaline Earth Metal,<LOD,0.01,Transitional Metal,1.710271421,1.710271421,Transitional Metal,0.03044736,0.03044736,Transitional Metal,0.202016991,0.202016991,Transitional Metal,<LOD,0.01,Post-Transition Metal,<LOD,0.06,Transitional Metal,0.069511907,0.069511907,Transitional Metal,040210004003,block_group
GS19,GS19W-082419,Superior,Field Blank,2019-2020,,&mu;g/L,,0.424207002,0.424207002,Post-Transition Metal,1.038277496,1.038277496,Metalloid,<LOD,0.03,Alkaline Earth Metal,0.018858829,0.018858829,Alkaline Earth Metal,<LOD,0.01,Transitional Metal,1.154549182,1.154549182,Transitional Metal,0.021340008,0.021340008,Transitional Metal,0.047174911,0.047174911,Transitional Metal,<LOD,0.01,Post-Transition Metal,<LOD,0.06,Transitional Metal,0.036555982,0.036555982,Transitional Metal,040210004003,block_group
GS20,GS20W-082419,Superior,Field Blank,2019-2020,,&mu;g/L,,1.473467971,1.473467971,Post-Transition Metal,1.380813682,1.380813682,Metalloid,<LOD,0.03,Alkaline Earth Metal,0.009940944,0.009940944,Alkaline Earth Metal,<LOD,0.01,Transitional Metal,1.64532026,1.64532026,Transitional Metal,0.10987928,0.10987928,Transitional Metal,0.114661466,0.114661466,Transitional Metal,<LOD,0.01,Post-Transition Metal,0.30973322,0.30973322,Transitional Metal,0.072174237,0.072174237,Transitional Metal,040210004003,block_group
GS25,GS25W-082419,Superior,Field Blank,2019-2020,,&mu;g/L,,1.613133403,1.613133403,Post-Transition Metal,1.20191725,1.20191725,Metalloid,<LOD,0.03,Alkaline Earth Metal,0.009829705,0.009829705,Alkaline Earth Metal,<LOD,0.01,Transitional Metal,1.249283329,1.249283329,Transitional Metal,<LOD,0.005,Transitional Metal,0.117497503,0.117497503,Transitional Metal,0.031553015,0.031553015,Post-Transition Metal,0.777271632,0.777271632,Transitional Metal,0.131915868,0.131915868,Transitional Metal,040210004002,block_group
GS03,GS03W-082419,Superior,Field Blank,2019-2020,,&mu;g/L,,<LOD,<LOD,Post-Transition Metal,<LOD,<LOD,Metalloid,<LOD,0.03,Alkaline Earth Metal,<LOD,0.005,Alkaline Earth Metal,<LOD,0.01,Transitional Metal,<LOD,0.25,Transitional Metal,<LOD,0.005,Transitional Metal,<LOD,0.01,Transitional Metal,<LOD,0.01,Post-Transition Metal,<LOD,0.06,Transitional Metal,<LOD,0.01,Transitional Metal,040210004002,block_group
